{"cameraMode":{"drawMode":0,"name":"Shaded","section":"Shading Mode"},"sceneLighting":false,"audioPlay":false,"sceneViewState":{"showFog":true,"showMaterialUpdate":false,"showSkybox":true,"showFlares":true,"showImageEffects":true,"showParticleSystems":true},"in2DMode":false,"pivot":{"x":2.784836530685425,"y":1.1901479959487916,"z":-1.77716064453125},"rotation":{"x":-0.10730867087841034,"y":0.48498836159706118,"z":-0.06010819226503372,"w":-0.8658280372619629},"size":1.7796483039855958,"orthographic":false}