{"cameraMode":{"drawMode":0,"name":"Shaded","section":"Shading Mode"},"sceneLighting":false,"audioPlay":false,"sceneViewState":{"showFog":true,"showMaterialUpdate":false,"showSkybox":true,"showFlares":true,"showImageEffects":true,"showParticleSystems":true},"in2DMode":false,"pivot":{"x":0.595781147480011,"y":0.08178627490997315,"z":-4.723854064941406},"rotation":{"x":-0.0029574299696832897,"y":-0.994493305683136,"z":0.10059481114149094,"w":-0.02924107387661934},"size":9.751251220703125,"orthographic":false}