{"cameraMode":{"drawMode":0,"name":"Shaded","section":"Shading Mode"},"sceneLighting":false,"audioPlay":false,"sceneViewState":{"showFog":true,"showMaterialUpdate":false,"showSkybox":true,"showFlares":true,"showImageEffects":true,"showParticleSystems":true},"in2DMode":false,"pivot":{"x":0.3169763684272766,"y":1.1091797351837159,"z":-0.048238515853881839},"rotation":{"x":-0.000740020361263305,"y":-0.9991331100463867,"z":0.036293648183345798,"w":-0.02037951722741127},"size":3.9904749393463136,"orthographic":false}