{"cameraMode":{"drawMode":0,"name":"Shaded","section":"Shading Mode"},"sceneLighting":false,"audioPlay":false,"sceneViewState":{"showFog":true,"showMaterialUpdate":false,"showSkybox":true,"showFlares":true,"showImageEffects":true,"showParticleSystems":true},"in2DMode":false,"pivot":{"x":-2.820068597793579,"y":1.3746434450149537,"z":2.0938546657562258},"rotation":{"x":-0.05965416505932808,"y":0.7371023893356323,"z":-0.06563489884138107,"w":-0.6699354648590088},"size":4.997365951538086,"orthographic":false}