{"cameraMode":{"drawMode":0,"name":"Shaded","section":"Shading Mode"},"sceneLighting":true,"audioPlay":false,"sceneViewState":{"showFog":true,"showMaterialUpdate":false,"showSkybox":true,"showFlares":true,"showImageEffects":true,"showParticleSystems":true},"in2DMode":false,"pivot":{"x":0.6554499864578247,"y":6.234771728515625,"z":0.06981730461120606},"rotation":{"x":0.7203449606895447,"y":0.0033381374087184669,"z":-0.0034655840136110784,"w":0.6935994029045105},"size":26.607322692871095,"orthographic":false}