{"cameraMode":{"drawMode":0,"name":"Shaded","section":"Shading Mode"},"sceneLighting":false,"audioPlay":false,"sceneViewState":{"showFog":true,"showMaterialUpdate":false,"showSkybox":true,"showFlares":true,"showImageEffects":true,"showParticleSystems":true},"in2DMode":false,"pivot":{"x":0.1795874834060669,"y":0.21900492906570435,"z":-0.1420435905456543},"rotation":{"x":-0.0019461617339402438,"y":-0.9969300031661987,"z":0.07371730357408524,"w":-0.026317711919546129},"size":3.653064250946045,"orthographic":false}