{"cameraMode":{"drawMode":0,"name":"Shaded","section":"Shading Mode"},"sceneLighting":false,"audioPlay":false,"sceneViewState":{"showFog":true,"showMaterialUpdate":false,"showSkybox":true,"showFlares":true,"showImageEffects":true,"showParticleSystems":true},"in2DMode":false,"pivot":{"x":0.12640070915222169,"y":1.1419891119003297,"z":1.242224931716919},"rotation":{"x":-0.0021392470225691797,"y":-0.9971230626106262,"z":0.06922139972448349,"w":-0.030814049765467645},"size":2.629138231277466,"orthographic":false}