{"cameraMode":{"drawMode":0,"name":"Shaded","section":"Shading Mode"},"sceneLighting":false,"audioPlay":false,"sceneViewState":{"showFog":true,"showMaterialUpdate":false,"showSkybox":true,"showFlares":true,"showImageEffects":true,"showParticleSystems":true},"in2DMode":false,"pivot":{"x":-0.08091162890195847,"y":0.28407880663871767,"z":-0.0032739639282226564},"rotation":{"x":0.005690053105354309,"y":0.0005969303310848773,"z":0.000003297909870525473,"w":-0.9999836683273315},"size":8.573661804199219,"orthographic":false}